Start Day,Start Month,Year,End Month,End Day,Start Date (Temp),End Date (Temp),Start Date (String),End Date (String),INTDSRCNM193N
1,3,1990,3,31,3/1/1990,3/31/1990,3/1/1990,3/30/1990,9
1,4,1990,4,30,4/1/1990,4/30/1990,4/2/1990,4/30/1990,9
1,5,1990,5,31,5/1/1990,5/31/1990,5/1/1990,5/31/1990,9
1,6,1990,6,30,6/1/1990,6/30/1990,6/1/1990,6/29/1990,9
1,7,1990,7,31,7/1/1990,7/31/1990,7/2/1990,7/31/1990,9
1,8,1990,8,31,8/1/1990,8/31/1990,8/1/1990,8/31/1990,7.92
1,9,1990,9,30,9/1/1990,9/30/1990,9/3/1990,9/28/1990,7.92
1,10,1990,10,31,10/1/1990,10/31/1990,10/1/1990,10/31/1990,7.92
1,11,1990,11,30,11/1/1990,11/30/1990,11/1/1990,11/30/1990,7.92
1,12,1990,12,31,12/1/1990,12/31/1990,12/3/1990,12/31/1990,7.92
1,1,1991,1,31,1/1/1991,1/31/1991,1/1/1991,1/31/1991,7.92
1,2,1991,2,28,2/1/1991,2/28/1991,2/1/1991,2/28/1991,7.92
1,3,1991,3,31,3/1/1991,3/31/1991,3/1/1991,3/29/1991,7.92
1,4,1991,4,30,4/1/1991,4/30/1991,4/1/1991,4/30/1991,7.2
1,5,1991,5,31,5/1/1991,5/31/1991,5/1/1991,5/31/1991,7.2
1,6,1991,6,30,6/1/1991,6/30/1991,6/3/1991,6/28/1991,7.2
1,7,1991,7,31,7/1/1991,7/31/1991,7/1/1991,7/31/1991,7.2
1,8,1991,8,31,8/1/1991,8/31/1991,8/1/1991,8/30/1991,7.2
1,9,1991,9,30,9/1/1991,9/30/1991,9/2/1991,9/30/1991,7.2
1,10,1991,10,31,10/1/1991,10/31/1991,10/1/1991,10/31/1991,7.2
1,11,1991,11,30,11/1/1991,11/30/1991,11/1/1991,11/29/1991,7.2
1,12,1991,12,31,12/1/1991,12/31/1991,12/2/1991,12/31/1991,7.2
1,1,1992,1,31,1/1/1992,1/31/1992,1/1/1992,1/31/1992,7.2
1,2,1992,2,29,2/1/1992,2/29/1992,2/3/1992,2/28/1992,7.2
1,3,1992,3,31,3/1/1992,3/31/1992,3/2/1992,3/31/1992,7.2
1,4,1992,4,30,4/1/1992,4/30/1992,4/1/1992,4/30/1992,7.2
1,5,1992,5,31,5/1/1992,5/31/1992,5/1/1992,5/29/1992,7.2
1,6,1992,6,30,6/1/1992,6/30/1992,6/1/1992,6/30/1992,7.2
1,7,1992,7,31,7/1/1992,7/31/1992,7/1/1992,7/31/1992,7.2
1,8,1992,8,31,8/1/1992,8/31/1992,8/3/1992,8/31/1992,7.2
1,9,1992,9,30,9/1/1992,9/30/1992,9/1/1992,9/30/1992,7.2
1,10,1992,10,31,10/1/1992,10/31/1992,10/1/1992,10/30/1992,7.2
1,11,1992,11,30,11/1/1992,11/30/1992,11/2/1992,11/30/1992,7.2
1,12,1992,12,31,12/1/1992,12/31/1992,12/1/1992,12/31/1992,7.2
1,1,1993,1,31,1/1/1993,1/31/1993,1/1/1993,1/29/1993,7.2
1,2,1993,2,28,2/1/1993,2/28/1993,2/1/1993,2/26/1993,7.2
1,3,1993,3,31,3/1/1993,3/31/1993,3/1/1993,3/31/1993,7.2
1,4,1993,4,30,4/1/1993,4/30/1993,4/1/1993,4/30/1993,7.2
1,5,1993,5,31,5/1/1993,5/31/1993,5/3/1993,5/31/1993,8.46
1,6,1993,6,30,6/1/1993,6/30/1993,6/1/1993,6/30/1993,8.46
1,7,1993,7,31,7/1/1993,7/31/1993,7/1/1993,7/30/1993,10.08
1,8,1993,8,31,8/1/1993,8/31/1993,8/2/1993,8/31/1993,10.08
1,9,1993,9,30,9/1/1993,9/30/1993,9/1/1993,9/30/1993,10.08
1,10,1993,10,31,10/1/1993,10/31/1993,10/1/1993,10/29/1993,10.08
1,11,1993,11,30,11/1/1993,11/30/1993,11/1/1993,11/30/1993,10.08
1,12,1993,12,31,12/1/1993,12/31/1993,12/1/1993,12/31/1993,10.08
1,1,1994,1,31,1/1/1994,1/31/1994,1/3/1994,1/31/1994,10.08
1,2,1994,2,28,2/1/1994,2/28/1994,2/1/1994,2/28/1994,10.08
1,3,1994,3,31,3/1/1994,3/31/1994,3/1/1994,3/31/1994,10.08
1,4,1994,4,30,4/1/1994,4/30/1994,4/1/1994,4/29/1994,10.08
1,5,1994,5,31,5/1/1994,5/31/1994,5/2/1994,5/31/1994,10.08
1,6,1994,6,30,6/1/1994,6/30/1994,6/1/1994,6/30/1994,10.08
1,7,1994,7,31,7/1/1994,7/31/1994,7/1/1994,7/29/1994,10.08
1,8,1994,8,31,8/1/1994,8/31/1994,8/1/1994,8/31/1994,10.08
1,9,1994,9,30,9/1/1994,9/30/1994,9/1/1994,9/30/1994,10.08
1,10,1994,10,31,10/1/1994,10/31/1994,10/3/1994,10/31/1994,10.08
1,11,1994,11,30,11/1/1994,11/30/1994,11/1/1994,11/30/1994,10.08
1,12,1994,12,31,12/1/1994,12/31/1994,12/1/1994,12/30/1994,10.08
1,1,1995,1,31,1/1/1995,1/31/1995,1/2/1995,1/31/1995,10.26
1,2,1995,2,28,2/1/1995,2/28/1995,2/1/1995,2/28/1995,10.26
1,3,1995,3,31,3/1/1995,3/31/1995,3/1/1995,3/31/1995,10.26
1,4,1995,4,30,4/1/1995,4/30/1995,4/3/1995,4/28/1995,10.26
1,5,1995,5,31,5/1/1995,5/31/1995,5/1/1995,5/31/1995,10.26
1,6,1995,6,30,6/1/1995,6/30/1995,6/1/1995,6/30/1995,10.26
1,7,1995,7,31,7/1/1995,7/31/1995,7/3/1995,7/31/1995,10.44
1,8,1995,8,31,8/1/1995,8/31/1995,8/1/1995,8/31/1995,10.44
1,9,1995,9,30,9/1/1995,9/30/1995,9/1/1995,9/29/1995,10.44
1,10,1995,10,31,10/1/1995,10/31/1995,10/2/1995,10/31/1995,10.44
1,11,1995,11,30,11/1/1995,11/30/1995,11/1/1995,11/30/1995,10.44
1,12,1995,12,31,12/1/1995,12/31/1995,12/1/1995,12/29/1995,10.44
1,1,1996,1,31,1/1/1996,1/31/1996,1/1/1996,1/31/1996,10.44
1,2,1996,2,29,2/1/1996,2/29/1996,2/1/1996,2/29/1996,10.44
1,3,1996,3,31,3/1/1996,3/31/1996,3/1/1996,3/29/1996,10.44
1,4,1996,4,30,4/1/1996,4/30/1996,4/1/1996,4/30/1996,10.44
1,5,1996,5,31,5/1/1996,5/31/1996,5/1/1996,5/31/1996,9
1,6,1996,6,30,6/1/1996,6/30/1996,6/3/1996,6/28/1996,9
1,7,1996,7,31,7/1/1996,7/31/1996,7/1/1996,7/31/1996,9
1,8,1996,8,31,8/1/1996,8/31/1996,8/1/1996,8/30/1996,9
1,9,1996,9,30,9/1/1996,9/30/1996,9/2/1996,9/30/1996,9
1,10,1996,10,31,10/1/1996,10/31/1996,10/1/1996,10/31/1996,9
1,11,1996,11,30,11/1/1996,11/30/1996,11/1/1996,11/29/1996,9
1,12,1996,12,31,12/1/1996,12/31/1996,12/2/1996,12/31/1996,9
1,1,1997,1,31,1/1/1997,1/31/1997,1/1/1997,1/31/1997,9
1,2,1997,2,28,2/1/1997,2/28/1997,2/3/1997,2/28/1997,9
1,3,1997,3,31,3/1/1997,3/31/1997,3/3/1997,3/31/1997,9
1,4,1997,4,30,4/1/1997,4/30/1997,4/1/1997,4/30/1997,9
1,5,1997,5,31,5/1/1997,5/31/1997,5/1/1997,5/30/1997,9
1,6,1997,6,30,6/1/1997,6/30/1997,6/2/1997,6/30/1997,9
1,7,1997,7,31,7/1/1997,7/31/1997,7/1/1997,7/31/1997,9
1,8,1997,8,31,8/1/1997,8/31/1997,8/1/1997,8/29/1997,9
1,9,1997,9,30,9/1/1997,9/30/1997,9/1/1997,9/30/1997,9
1,10,1997,10,31,10/1/1997,10/31/1997,10/1/1997,10/31/1997,8.55
1,11,1997,11,30,11/1/1997,11/30/1997,11/3/1997,11/28/1997,8.55
1,12,1997,12,31,12/1/1997,12/31/1997,12/1/1997,12/31/1997,8.55
1,1,1998,1,31,1/1/1998,1/31/1998,1/1/1998,1/30/1998,8.55
1,2,1998,2,28,2/1/1998,2/28/1998,2/2/1998,2/27/1998,8.55
1,3,1998,3,31,3/1/1998,3/31/1998,3/2/1998,3/31/1998,6.39
1,4,1998,4,30,4/1/1998,4/30/1998,4/1/1998,4/30/1998,6.39
1,5,1998,5,31,5/1/1998,5/31/1998,5/1/1998,5/29/1998,6.39
1,6,1998,6,30,6/1/1998,6/30/1998,6/1/1998,6/30/1998,6.39
1,7,1998,7,31,7/1/1998,7/31/1998,7/1/1998,7/31/1998,5.22
1,8,1998,8,31,8/1/1998,8/31/1998,8/3/1998,8/31/1998,5.22
1,9,1998,9,30,9/1/1998,9/30/1998,9/1/1998,9/30/1998,5.22
1,10,1998,10,31,10/1/1998,10/31/1998,10/1/1998,10/30/1998,5.22
1,11,1998,11,30,11/1/1998,11/30/1998,11/2/1998,11/30/1998,5.22
1,12,1998,12,31,12/1/1998,12/31/1998,12/1/1998,12/31/1998,4.59
1,1,1999,1,31,1/1/1999,1/31/1999,1/1/1999,1/29/1999,4.59
1,2,1999,2,28,2/1/1999,2/28/1999,2/1/1999,2/26/1999,4.59
1,3,1999,3,31,3/1/1999,3/31/1999,3/1/1999,3/31/1999,4.59
1,4,1999,4,30,4/1/1999,4/30/1999,4/1/1999,4/30/1999,4.59
1,5,1999,5,31,5/1/1999,5/31/1999,5/3/1999,5/31/1999,4.59
1,6,1999,6,30,6/1/1999,6/30/1999,6/1/1999,6/30/1999,3.24
1,7,1999,7,31,7/1/1999,7/31/1999,7/1/1999,7/30/1999,3.24
1,8,1999,8,31,8/1/1999,8/31/1999,8/2/1999,8/31/1999,3.24
1,9,1999,9,30,9/1/1999,9/30/1999,9/1/1999,9/30/1999,3.24
1,10,1999,10,31,10/1/1999,10/31/1999,10/1/1999,10/29/1999,3.24
1,11,1999,11,30,11/1/1999,11/30/1999,11/1/1999,11/30/1999,3.24
1,12,1999,12,31,12/1/1999,12/31/1999,12/1/1999,12/31/1999,3.24
1,1,2000,1,31,1/1/2000,1/31/2000,1/3/2000,1/31/2000,3.24
1,2,2000,2,29,2/1/2000,2/29/2000,2/1/2000,2/29/2000,3.24
1,3,2000,3,31,3/1/2000,3/31/2000,3/1/2000,3/31/2000,3.24
1,4,2000,4,30,4/1/2000,4/30/2000,4/3/2000,4/28/2000,3.24
1,5,2000,5,31,5/1/2000,5/31/2000,5/1/2000,5/31/2000,3.24
1,6,2000,6,30,6/1/2000,6/30/2000,6/1/2000,6/30/2000,3.24
1,7,2000,7,31,7/1/2000,7/31/2000,7/3/2000,7/31/2000,3.24
1,8,2000,8,31,8/1/2000,8/31/2000,8/1/2000,8/31/2000,3.24
1,9,2000,9,30,9/1/2000,9/30/2000,9/1/2000,9/29/2000,3.24
1,10,2000,10,31,10/1/2000,10/31/2000,10/2/2000,10/31/2000,3.24
1,11,2000,11,30,11/1/2000,11/30/2000,11/1/2000,11/30/2000,3.24
1,12,2000,12,31,12/1/2000,12/31/2000,12/1/2000,12/29/2000,3.24
1,1,2001,1,31,1/1/2001,1/31/2001,1/1/2001,1/31/2001,3.24
1,2,2001,2,28,2/1/2001,2/28/2001,2/1/2001,2/28/2001,3.24
1,3,2001,3,31,3/1/2001,3/31/2001,3/1/2001,3/30/2001,3.24
1,4,2001,4,30,4/1/2001,4/30/2001,4/2/2001,4/30/2001,3.24
1,5,2001,5,31,5/1/2001,5/31/2001,5/1/2001,5/31/2001,3.24
1,6,2001,6,30,6/1/2001,6/30/2001,6/1/2001,6/29/2001,3.24
1,7,2001,7,31,7/1/2001,7/31/2001,7/2/2001,7/31/2001,3.24
1,8,2001,8,31,8/1/2001,8/31/2001,8/1/2001,8/31/2001,3.24
1,9,2001,9,30,9/1/2001,9/30/2001,9/3/2001,9/28/2001,3.24
1,10,2001,10,31,10/1/2001,10/31/2001,10/1/2001,10/31/2001,3.24
1,11,2001,11,30,11/1/2001,11/30/2001,11/1/2001,11/30/2001,3.24
1,12,2001,12,31,12/1/2001,12/31/2001,12/3/2001,12/31/2001,3.24
1,1,2002,1,31,1/1/2002,1/31/2002,1/1/2002,1/31/2002,3.24
1,2,2002,2,28,2/1/2002,2/28/2002,2/1/2002,2/28/2002,2.7
1,3,2002,3,31,3/1/2002,3/31/2002,3/1/2002,3/29/2002,2.7
1,4,2002,4,30,4/1/2002,4/30/2002,4/1/2002,4/30/2002,2.7
1,5,2002,5,31,5/1/2002,5/31/2002,5/1/2002,5/31/2002,2.7
1,6,2002,6,30,6/1/2002,6/30/2002,6/3/2002,6/28/2002,2.7
1,7,2002,7,31,7/1/2002,7/31/2002,7/1/2002,7/31/2002,2.7
1,8,2002,8,31,8/1/2002,8/31/2002,8/1/2002,8/30/2002,2.7
1,9,2002,9,30,9/1/2002,9/30/2002,9/2/2002,9/30/2002,2.7
1,10,2002,10,31,10/1/2002,10/31/2002,10/1/2002,10/31/2002,2.7
1,11,2002,11,30,11/1/2002,11/30/2002,11/1/2002,11/29/2002,2.7
1,12,2002,12,31,12/1/2002,12/31/2002,12/2/2002,12/31/2002,2.7
1,1,2003,1,31,1/1/2003,1/31/2003,1/1/2003,1/31/2003,2.7
1,2,2003,2,28,2/1/2003,2/28/2003,2/3/2003,2/28/2003,2.7
1,3,2003,3,31,3/1/2003,3/31/2003,3/3/2003,3/31/2003,2.7
1,4,2003,4,30,4/1/2003,4/30/2003,4/1/2003,4/30/2003,2.7
1,5,2003,5,31,5/1/2003,5/31/2003,5/1/2003,5/30/2003,2.7
1,6,2003,6,30,6/1/2003,6/30/2003,6/2/2003,6/30/2003,2.7
1,7,2003,7,31,7/1/2003,7/31/2003,7/1/2003,7/31/2003,2.7
1,8,2003,8,31,8/1/2003,8/31/2003,8/1/2003,8/29/2003,2.7
1,9,2003,9,30,9/1/2003,9/30/2003,9/1/2003,9/30/2003,2.7
1,10,2003,10,31,10/1/2003,10/31/2003,10/1/2003,10/31/2003,2.7
1,11,2003,11,30,11/1/2003,11/30/2003,11/3/2003,11/28/2003,2.7
1,12,2003,12,31,12/1/2003,12/31/2003,12/1/2003,12/31/2003,2.7
1,1,2004,1,31,1/1/2004,1/31/2004,1/1/2004,1/30/2004,2.7
1,2,2004,2,29,2/1/2004,2/29/2004,2/2/2004,2/27/2004,2.7
1,3,2004,3,31,3/1/2004,3/31/2004,3/1/2004,3/31/2004,2.7
1,4,2004,4,30,4/1/2004,4/30/2004,4/1/2004,4/30/2004,2.7
1,5,2004,5,31,5/1/2004,5/31/2004,5/3/2004,5/31/2004,2.7
1,6,2004,6,30,6/1/2004,6/30/2004,6/1/2004,6/30/2004,2.7
1,7,2004,7,31,7/1/2004,7/31/2004,7/1/2004,7/30/2004,2.7
1,8,2004,8,31,8/1/2004,8/31/2004,8/2/2004,8/31/2004,2.7
1,9,2004,9,30,9/1/2004,9/30/2004,9/1/2004,9/30/2004,2.7
1,10,2004,10,31,10/1/2004,10/31/2004,10/1/2004,10/29/2004,3.33
1,11,2004,11,30,11/1/2004,11/30/2004,11/1/2004,11/30/2004,3.33
1,12,2004,12,31,12/1/2004,12/31/2004,12/1/2004,12/31/2004,3.33
1,1,2005,1,31,1/1/2005,1/31/2005,1/3/2005,1/31/2005,3.33
1,2,2005,2,28,2/1/2005,2/28/2005,2/1/2005,2/28/2005,3.33
1,3,2005,3,31,3/1/2005,3/31/2005,3/1/2005,3/31/2005,3.33
1,4,2005,4,30,4/1/2005,4/30/2005,4/1/2005,4/29/2005,3.33
1,5,2005,5,31,5/1/2005,5/31/2005,5/2/2005,5/31/2005,3.33
1,6,2005,6,30,6/1/2005,6/30/2005,6/1/2005,6/30/2005,3.33
1,7,2005,7,31,7/1/2005,7/31/2005,7/1/2005,7/29/2005,3.33
1,8,2005,8,31,8/1/2005,8/31/2005,8/1/2005,8/31/2005,3.33
1,9,2005,9,30,9/1/2005,9/30/2005,9/1/2005,9/30/2005,3.33
1,10,2005,10,31,10/1/2005,10/31/2005,10/3/2005,10/31/2005,3.33
1,11,2005,11,30,11/1/2005,11/30/2005,11/1/2005,11/30/2005,3.33
1,12,2005,12,31,12/1/2005,12/31/2005,12/1/2005,12/30/2005,3.33
1,1,2006,1,31,1/1/2006,1/31/2006,1/2/2006,1/31/2006,3.33
1,2,2006,2,28,2/1/2006,2/28/2006,2/1/2006,2/28/2006,3.33
1,3,2006,3,31,3/1/2006,3/31/2006,3/1/2006,3/31/2006,3.33
1,4,2006,4,30,4/1/2006,4/30/2006,4/3/2006,4/28/2006,3.33
1,5,2006,5,31,5/1/2006,5/31/2006,5/1/2006,5/31/2006,3.33
1,6,2006,6,30,6/1/2006,6/30/2006,6/1/2006,6/30/2006,3.33
1,7,2006,7,31,7/1/2006,7/31/2006,7/3/2006,7/31/2006,3.33
1,8,2006,8,31,8/1/2006,8/31/2006,8/1/2006,8/31/2006,3.33
1,9,2006,9,30,9/1/2006,9/30/2006,9/1/2006,9/29/2006,3.33
1,10,2006,10,31,10/1/2006,10/31/2006,10/2/2006,10/31/2006,3.33
1,11,2006,11,30,11/1/2006,11/30/2006,11/1/2006,11/30/2006,3.33
1,12,2006,12,31,12/1/2006,12/31/2006,12/1/2006,12/29/2006,3.33
1,1,2007,1,31,1/1/2007,1/31/2007,1/1/2007,1/31/2007,3.33
1,2,2007,2,28,2/1/2007,2/28/2007,2/1/2007,2/28/2007,3.33
1,3,2007,3,31,3/1/2007,3/31/2007,3/1/2007,3/30/2007,3.33
1,4,2007,4,30,4/1/2007,4/30/2007,4/2/2007,4/30/2007,3.33
1,5,2007,5,31,5/1/2007,5/31/2007,5/1/2007,5/31/2007,3.33
1,6,2007,6,30,6/1/2007,6/30/2007,6/1/2007,6/29/2007,3.33
1,7,2007,7,31,7/1/2007,7/31/2007,7/2/2007,7/31/2007,3.33
1,8,2007,8,31,8/1/2007,8/31/2007,8/1/2007,8/31/2007,3.33
1,9,2007,9,30,9/1/2007,9/30/2007,9/3/2007,9/28/2007,3.33
1,10,2007,10,31,10/1/2007,10/31/2007,10/1/2007,10/31/2007,3.33
1,11,2007,11,30,11/1/2007,11/30/2007,11/1/2007,11/30/2007,3.33
1,12,2007,12,31,12/1/2007,12/31/2007,12/3/2007,12/31/2007,3.33
1,1,2008,1,31,1/1/2008,1/31/2008,1/1/2008,1/31/2008,4.14
1,2,2008,2,29,2/1/2008,2/29/2008,2/1/2008,2/29/2008,4.14
1,3,2008,3,31,3/1/2008,3/31/2008,3/3/2008,3/31/2008,4.14
1,4,2008,4,30,4/1/2008,4/30/2008,4/1/2008,4/30/2008,4.14
1,5,2008,5,31,5/1/2008,5/31/2008,5/1/2008,5/30/2008,4.14
1,6,2008,6,30,6/1/2008,6/30/2008,6/2/2008,6/30/2008,4.14
1,7,2008,7,31,7/1/2008,7/31/2008,7/1/2008,7/31/2008,4.14
1,8,2008,8,31,8/1/2008,8/31/2008,8/1/2008,8/29/2008,4.14
1,9,2008,9,30,9/1/2008,9/30/2008,9/1/2008,9/30/2008,4.14
1,10,2008,10,31,10/1/2008,10/31/2008,10/1/2008,10/31/2008,4.14
1,11,2008,11,30,11/1/2008,11/30/2008,11/3/2008,11/28/2008,3.06
1,12,2008,12,31,12/1/2008,12/31/2008,12/1/2008,12/31/2008,2.79
1,1,2009,1,31,1/1/2009,1/31/2009,1/1/2009,1/30/2009,2.79
1,2,2009,2,28,2/1/2009,2/28/2009,2/2/2009,2/27/2009,2.79
1,3,2009,3,31,3/1/2009,3/31/2009,3/2/2009,3/31/2009,2.79
1,4,2009,4,30,4/1/2009,4/30/2009,4/1/2009,4/30/2009,2.79
1,5,2009,5,31,5/1/2009,5/31/2009,5/1/2009,5/29/2009,2.79
1,6,2009,6,30,6/1/2009,6/30/2009,6/1/2009,6/30/2009,2.79
1,7,2009,7,31,7/1/2009,7/31/2009,7/1/2009,7/31/2009,2.79
1,8,2009,8,31,8/1/2009,8/31/2009,8/3/2009,8/31/2009,2.79
1,9,2009,9,30,9/1/2009,9/30/2009,9/1/2009,9/30/2009,2.79
1,10,2009,10,31,10/1/2009,10/31/2009,10/1/2009,10/30/2009,2.79
1,11,2009,11,30,11/1/2009,11/30/2009,11/2/2009,11/30/2009,2.79
1,12,2009,12,31,12/1/2009,12/31/2009,12/1/2009,12/31/2009,2.79
1,1,2010,1,31,1/1/2010,1/31/2010,1/1/2010,1/29/2010,2.79
1,2,2010,2,28,2/1/2010,2/28/2010,2/1/2010,2/26/2010,2.79
1,3,2010,3,31,3/1/2010,3/31/2010,3/1/2010,3/31/2010,2.79
1,4,2010,4,30,4/1/2010,4/30/2010,4/1/2010,4/30/2010,2.79
1,5,2010,5,31,5/1/2010,5/31/2010,5/3/2010,5/31/2010,2.79
1,6,2010,6,30,6/1/2010,6/30/2010,6/1/2010,6/30/2010,2.79
1,7,2010,7,31,7/1/2010,7/31/2010,7/1/2010,7/30/2010,2.79
1,8,2010,8,31,8/1/2010,8/31/2010,8/2/2010,8/31/2010,2.79
1,9,2010,9,30,9/1/2010,9/30/2010,9/1/2010,9/30/2010,2.79
1,10,2010,10,31,10/1/2010,10/31/2010,10/1/2010,10/29/2010,2.79
1,11,2010,11,30,11/1/2010,11/30/2010,11/1/2010,11/30/2010,2.79
1,12,2010,12,31,12/1/2010,12/31/2010,12/1/2010,12/31/2010,3.25
1,1,2011,1,31,1/1/2011,1/31/2011,1/3/2011,1/31/2011,3.25
1,2,2011,2,28,2/1/2011,2/28/2011,2/1/2011,2/28/2011,3.25
1,3,2011,3,31,3/1/2011,3/31/2011,3/1/2011,3/31/2011,3.25
1,4,2011,4,30,4/1/2011,4/30/2011,4/1/2011,4/29/2011,3.25
1,5,2011,5,31,5/1/2011,5/31/2011,5/2/2011,5/31/2011,3.25
1,6,2011,6,30,6/1/2011,6/30/2011,6/1/2011,6/30/2011,3.25
1,7,2011,7,31,7/1/2011,7/31/2011,7/1/2011,7/29/2011,3.25
1,8,2011,8,31,8/1/2011,8/31/2011,8/1/2011,8/31/2011,3.25
1,9,2011,9,30,9/1/2011,9/30/2011,9/1/2011,9/30/2011,3.25
1,10,2011,10,31,10/1/2011,10/31/2011,10/3/2011,10/31/2011,3.25
1,11,2011,11,30,11/1/2011,11/30/2011,11/1/2011,11/30/2011,3.25
1,12,2011,12,31,12/1/2011,12/31/2011,12/1/2011,12/30/2011,3.25
1,1,2012,1,31,1/1/2012,1/31/2012,1/2/2012,1/31/2012,3.25
1,2,2012,2,29,2/1/2012,2/29/2012,2/1/2012,2/29/2012,3.25
1,3,2012,3,31,3/1/2012,3/31/2012,3/1/2012,3/30/2012,3.25
1,4,2012,4,30,4/1/2012,4/30/2012,4/2/2012,4/30/2012,3.25
1,5,2012,5,31,5/1/2012,5/31/2012,5/1/2012,5/31/2012,3.25
1,6,2012,6,30,6/1/2012,6/30/2012,6/1/2012,6/29/2012,3.25
1,7,2012,7,31,7/1/2012,7/31/2012,7/2/2012,7/31/2012,3.25
1,8,2012,8,31,8/1/2012,8/31/2012,8/1/2012,8/31/2012,3.25
1,9,2012,9,30,9/1/2012,9/30/2012,9/3/2012,9/28/2012,3.25
1,10,2012,10,31,10/1/2012,10/31/2012,10/1/2012,10/31/2012,3.25
1,11,2012,11,30,11/1/2012,11/30/2012,11/1/2012,11/30/2012,3.25
1,12,2012,12,31,12/1/2012,12/31/2012,12/3/2012,12/31/2012,3.25
1,1,2013,1,31,1/1/2013,1/31/2013,1/1/2013,1/31/2013,3.25
1,2,2013,2,28,2/1/2013,2/28/2013,2/1/2013,2/28/2013,3.25
1,3,2013,3,31,3/1/2013,3/31/2013,3/1/2013,3/29/2013,3.25
1,4,2013,4,30,4/1/2013,4/30/2013,4/1/2013,4/30/2013,3.25
1,5,2013,5,31,5/1/2013,5/31/2013,5/1/2013,5/31/2013,3.25
1,6,2013,6,30,6/1/2013,6/30/2013,6/3/2013,6/28/2013,3.25
1,7,2013,7,31,7/1/2013,7/31/2013,7/1/2013,7/31/2013,3.25
1,8,2013,8,31,8/1/2013,8/31/2013,8/1/2013,8/30/2013,3.25
1,9,2013,9,30,9/1/2013,9/30/2013,9/2/2013,9/30/2013,3.25
1,10,2013,10,31,10/1/2013,10/31/2013,10/1/2013,10/31/2013,3.25
1,11,2013,11,30,11/1/2013,11/30/2013,11/1/2013,11/29/2013,3.25
1,12,2013,12,31,12/1/2013,12/31/2013,12/2/2013,12/31/2013,3.25
1,1,2014,1,31,1/1/2014,1/31/2014,1/1/2014,1/31/2014,3.25
1,2,2014,2,28,2/1/2014,2/28/2014,2/3/2014,2/28/2014,3.25
1,3,2014,3,31,3/1/2014,3/31/2014,3/3/2014,3/31/2014,3.25
1,4,2014,4,30,4/1/2014,4/30/2014,4/1/2014,4/30/2014,3.25
1,5,2014,5,31,5/1/2014,5/31/2014,5/1/2014,5/30/2014,3.25
1,6,2014,6,30,6/1/2014,6/30/2014,6/2/2014,6/30/2014,3.25
1,7,2014,7,31,7/1/2014,7/31/2014,7/1/2014,7/31/2014,3.25
1,8,2014,8,31,8/1/2014,8/31/2014,8/1/2014,8/29/2014,3.25
1,9,2014,9,30,9/1/2014,9/30/2014,9/1/2014,9/30/2014,3.25
1,10,2014,10,31,10/1/2014,10/31/2014,10/1/2014,10/31/2014,3.25
1,11,2014,11,30,11/1/2014,11/30/2014,11/3/2014,11/28/2014,3.25
1,12,2014,12,31,12/1/2014,12/31/2014,12/1/2014,12/31/2014,3.25
1,1,2015,1,31,1/1/2015,1/31/2015,1/1/2015,1/30/2015,3.25
1,2,2015,2,28,2/1/2015,2/28/2015,2/2/2015,2/27/2015,3.25
1,3,2015,3,31,3/1/2015,3/31/2015,3/2/2015,3/31/2015,3.25
1,4,2015,4,30,4/1/2015,4/30/2015,4/1/2015,4/30/2015,3.25
1,5,2015,5,31,5/1/2015,5/31/2015,5/1/2015,5/29/2015,3.25
1,6,2015,6,30,6/1/2015,6/30/2015,6/1/2015,6/30/2015,3.25
1,7,2015,7,31,7/1/2015,7/31/2015,7/1/2015,7/31/2015,3.25
1,8,2015,8,31,8/1/2015,8/31/2015,8/3/2015,8/31/2015,3.25
1,9,2015,9,30,9/1/2015,9/30/2015,9/1/2015,9/30/2015,3.25
1,10,2015,10,31,10/1/2015,10/31/2015,10/1/2015,10/30/2015,3.25
1,11,2015,11,30,11/1/2015,11/30/2015,11/2/2015,11/30/2015,2.9
1,12,2015,12,31,12/1/2015,12/31/2015,12/1/2015,12/31/2015,2.9
1,1,2016,1,31,1/1/2016,1/31/2016,1/1/2016,1/29/2016,2.9
1,2,2016,2,29,2/1/2016,2/29/2016,2/1/2016,2/29/2016,2.9
1,3,2016,3,31,3/1/2016,3/31/2016,3/1/2016,3/31/2016,2.9
1,4,2016,4,30,4/1/2016,4/30/2016,4/1/2016,4/29/2016,2.9
1,5,2016,5,31,5/1/2016,5/31/2016,5/2/2016,5/31/2016,2.9
1,6,2016,6,30,6/1/2016,6/30/2016,6/1/2016,6/30/2016,2.9
1,7,2016,7,31,7/1/2016,7/31/2016,7/1/2016,7/29/2016,2.9
1,8,2016,8,31,8/1/2016,8/31/2016,8/1/2016,8/31/2016,2.9
1,9,2016,9,30,9/1/2016,9/30/2016,9/1/2016,9/30/2016,2.9
1,10,2016,10,31,10/1/2016,10/31/2016,10/3/2016,10/31/2016,2.9
1,11,2016,11,30,11/1/2016,11/30/2016,11/1/2016,11/30/2016,2.9
1,12,2016,12,31,12/1/2016,12/31/2016,12/1/2016,12/30/2016,2.9
1,1,2017,1,31,1/1/2017,1/31/2017,1/2/2017,1/31/2017,2.9
1,2,2017,2,28,2/1/2017,2/28/2017,2/1/2017,2/28/2017,2.9
1,3,2017,3,31,3/1/2017,3/31/2017,3/1/2017,3/31/2017,2.9
1,4,2017,4,30,4/1/2017,4/30/2017,4/3/2017,4/28/2017,2.9
1,5,2017,5,31,5/1/2017,5/31/2017,5/1/2017,5/31/2017,2.9
1,6,2017,6,30,6/1/2017,6/30/2017,6/1/2017,6/30/2017,2.9
1,7,2017,7,31,7/1/2017,7/31/2017,7/3/2017,7/31/2017,2.9
1,8,2017,8,31,8/1/2017,8/31/2017,8/1/2017,8/31/2017,2.9
1,9,2017,9,30,9/1/2017,9/30/2017,9/1/2017,9/29/2017,2.9
1,10,2017,10,31,10/1/2017,10/31/2017,10/2/2017,10/31/2017,2.9
1,11,2017,11,30,11/1/2017,11/30/2017,11/1/2017,11/30/2017,2.9
1,12,2017,12,31,12/1/2017,12/31/2017,12/1/2017,12/29/2017,2.9
1,1,2018,1,31,1/1/2018,1/31/2018,1/1/2018,1/31/2018,2.9
1,2,2018,2,28,2/1/2018,2/28/2018,2/1/2018,2/28/2018,2.9
1,3,2018,3,31,3/1/2018,3/31/2018,3/1/2018,3/30/2018,2.9
1,4,2018,4,30,4/1/2018,4/30/2018,4/2/2018,4/30/2018,2.9
1,5,2018,5,31,5/1/2018,5/31/2018,5/1/2018,5/31/2018,2.9
1,6,2018,6,30,6/1/2018,6/30/2018,6/1/2018,6/29/2018,2.9
1,7,2018,7,31,7/1/2018,7/31/2018,7/2/2018,7/31/2018,2.9
1,8,2018,8,31,8/1/2018,8/31/2018,8/1/2018,8/31/2018,2.9
1,9,2018,9,30,9/1/2018,9/30/2018,9/3/2018,9/28/2018,2.9
1,10,2018,10,31,10/1/2018,10/31/2018,10/1/2018,10/31/2018,2.9
1,11,2018,11,30,11/1/2018,11/30/2018,11/1/2018,11/30/2018,2.9
1,12,2018,12,31,12/1/2018,12/31/2018,12/3/2018,12/31/2018,2.9
1,1,2019,1,31,1/1/2019,1/31/2019,1/1/2019,1/31/2019,2.9
1,2,2019,2,28,2/1/2019,2/28/2019,2/1/2019,2/28/2019,2.9
1,3,2019,3,31,3/1/2019,3/31/2019,3/1/2019,3/29/2019,2.9
1,4,2019,4,30,4/1/2019,4/30/2019,4/1/2019,4/30/2019,2.9
1,5,2019,5,31,5/1/2019,5/31/2019,5/1/2019,5/31/2019,2.9
1,6,2019,6,30,6/1/2019,6/30/2019,6/3/2019,6/28/2019,2.9
1,7,2019,7,31,7/1/2019,7/31/2019,7/1/2019,7/31/2019,2.9
1,8,2019,8,31,8/1/2019,8/31/2019,8/1/2019,8/30/2019,2.9
1,9,2019,9,30,9/1/2019,9/30/2019,9/2/2019,9/30/2019,2.9
1,10,2019,10,31,10/1/2019,10/31/2019,10/1/2019,10/31/2019,2.9
1,11,2019,11,30,11/1/2019,11/30/2019,11/1/2019,11/29/2019,2.9
1,12,2019,12,31,12/1/2019,12/31/2019,12/2/2019,12/31/2019,2.9
1,1,2020,1,31,1/1/2020,1/31/2020,1/1/2020,1/31/2020,2.9
1,2,2020,2,29,2/1/2020,2/29/2020,2/3/2020,2/28/2020,2.9
1,3,2020,3,31,3/1/2020,3/31/2020,3/2/2020,3/31/2020,2.9
1,4,2020,4,30,4/1/2020,4/30/2020,4/1/2020,4/30/2020,2.9
1,5,2020,5,31,5/1/2020,5/31/2020,5/1/2020,5/29/2020,2.9
1,6,2020,6,30,6/1/2020,6/30/2020,6/1/2020,6/30/2020,2.9
1,7,2020,7,31,7/1/2020,7/31/2020,7/1/2020,7/31/2020,2.9
1,8,2020,8,31,8/1/2020,8/31/2020,8/3/2020,8/31/2020,2.9
1,9,2020,9,30,9/1/2020,9/30/2020,9/1/2020,9/30/2020,2.9
